,id,geo,suburb,postcode,rent,Swinburne University - Hawthorn,crime,Early_Trans_Time,Night_Trans_Time,nightPT,uni_driving_distance,city_distance,city_driving_time,city_trans_time
0,"(3122, 'Hawthorn North')","(-37.84, 145.05)",Hawthorn North,3122,350,0,3899,10,10,TRUE,0.8 km,8.9 km,18,26
1,"(3122, 'Hawthorn')","(-37.84, 145.05)",Hawthorn,3122,350,0,3899,10,10,TRUE,0.8 km,8.9 km,18,26
2,"(3122, 'Hawthorn West')","(-37.84, 145.05)",Hawthorn West,3122,350,0,3899,15,27,TRUE,2.2 km,5.3 km,17,28
3,"(3122, 'Auburn South')","(-37.84, 145.05)",Auburn South,3122,350,0,218,12,11,TRUE,2.8 km,10.1 km,17,39
4,"(3122, 'Glenferrie South')","(-37.84, 145.05)",Glenferrie South,3122,350,0,3899,10,10,TRUE,1.4 km,7.2 km,17,31
6,"(3123, 'Hawthorn East')","(-37.83, 145.04)",Hawthorn East,3123,300,1.416920855,1371,21,22,TRUE,2.3 km,9.2 km,20,43
8,"(3144, 'Malvern North')","(-37.84, 145.03)",Malvern North,3144,310,1.756275039,781,19,19,TRUE,3.9 km,8.4 km,18,37
9,"(3144, 'Malvern')","(-37.84, 145.03)",Malvern,3144,330,1.756275039,2932,25,25,TRUE,4.4 km,8.9 km,17,39
10,"(3144, 'Kooyong')","(-37.84, 145.03)",Kooyong,3144,330,1.756275039,2932,18,18,TRUE,2.9 km,7.8 km,16,25
11,"(3146, 'Glen Iris')","(-37.85, 145.07)",Glen Iris,3146,300,2.078585687,370,41,41,TRUE,7.0 km,11.2 km,17,34
12,"(3124, 'Camberwell South')","(-37.82, 145.06)",Camberwell South,3124,300,2.391040197,1371,34,42,TRUE,5.4 km,13.7 km,19,42
13,"(3124, 'Middle Camberwell')","(-37.82, 145.06)",Middle Camberwell,3124,330,2.391040197,1002,25,24,TRUE,3.5 km,10.0 km,22,44
14,"(3124, 'Camberwell')","(-37.82, 145.06)",Camberwell,3124,300,2.391040197,1371,25,24,TRUE,3.5 km,10.0 km,22,44
15,"(3124, 'Hartwell')","(-37.82, 145.06)",Hartwell,3124,300,2.391040197,706,21,34,TRUE,5.7 km,13.8 km,22,41
16,"(3124, 'Camberwell West')","(-37.82, 145.06)",Camberwell West,3124,300,2.391040197,706,25,28,TRUE,4.8 km,11.6 km,18,49
17,"(3124, 'Camberwell North')","(-37.82, 145.06)",Camberwell North,3124,300,2.391040197,1371,25,24,TRUE,3.5 km,10.0 km,22,44
18,"(3143, 'Armadale')","(-37.86, 145.02)",Armadale,3143,300,3.447315771,1326,27,35,TRUE,10.2 km,8.0 km,21,24
19,"(3147, 'Ashwood')","(-37.86, 145.08)",Ashwood,3147,300,3.447315771,2008,47,48,TRUE,16.6 km,15.2 km,25,52
20,"(3147, 'Ashburton')","(-37.86, 145.08)",Ashburton,3147,300,3.447315771,2008,25,38,TRUE,7.9 km,16.0 km,20,45
21,"(3143, 'Armadale North')","(-37.86, 145.02)",Armadale North,3143,330,3.447315771,2932,27,35,TRUE,10.2 km,8.0 km,21,24
22,"(3101, 'Kew')","(-37.81, 145.04)",Kew,3101,300,3.449543601,31,23,23,TRUE,2.8 km,7.4 km,22,36
24,"(3126, 'Camberwell East')","(-37.84, 145.09)",Camberwell East,3126,330,3.512550057,1002,11,11,TRUE,3.4 km,11.5 km,24,27
25,"(3126, 'Canterbury')","(-37.84, 145.09)",Canterbury,3126,330,3.512550057,1002,20,20,TRUE,4.1 km,12.2 km,26,36
26,"(3121, 'Burnley North')","(-37.83, 145.01)",Burnley North,3121,340,3.684578021,106,18,18,TRUE,3.9 km,6.3 km,13,26
27,"(3121, 'Burnley')","(-37.83, 145.01)",Burnley,3121,340,3.684578021,55,18,18,TRUE,3.9 km,6.3 km,13,26
28,"(3121, 'Richmond South')","(-37.83, 145.01)",Richmond South,3121,350,3.684578021,3899,24,29,TRUE,6.1 km,4.0 km,15,21
29,"(3121, 'Richmond North')","(-37.83, 145.01)",Richmond North,3121,350,3.684578021,123,858,884,TRUE,"1,020 km",793 km,545,946
31,"(3121, 'Richmond')","(-37.83, 145.01)",Richmond,3121,340,3.684578021,49,24,29,TRUE,6.1 km,4.0 km,15,21
32,"(3552, 'Bendigo')","(-37.83, 145.01)",Bendigo,3552,288,3.684578021,205,145,150,TRUE,173 km,165 km,117,146
33,"(3121, 'Cremorne')","(-37.83, 145.01)",Cremorne,3121,340,3.684578021,91,23,24,TRUE,5.9 km,3.8 km,14,24
34,"(3103, 'Balwyn East')","(-37.81, 145.08)",Balwyn East,3103,300,4.250983839,11,24,34,TRUE,6.0 km,11.4 km,29,44
35,"(3103, 'Balwyn')","(-37.81, 145.08)",Balwyn,3103,300,4.250983839,20,24,34,TRUE,6.0 km,11.4 km,29,44
37,"(3142, 'Toorak')","(-37.84, 145.0)",Toorak,3142,300,4.390687553,22,31,33,TRUE,4.3 km,7.9 km,17,43
38,"(3102, 'Kew East')","(-37.8, 145.05)",Kew East,3102,300,4.447803349,105,25,23,TRUE,4.6 km,11.9 km,24,51
39,"(3145, 'Darling South')","(-37.88, 145.05)",Darling South,3145,325,4.533614653,88,37,53,TRUE,8.6 km,13.7 km,22,36
40,"(3145, 'Malvern East')","(-37.88, 145.05)",Malvern East,3145,325,4.533614653,602,36,54,TRUE,11.2 km,13.9 km,21,42
41,"(3145, 'Caulfield East')","(-37.88, 145.05)",Caulfield East,3145,310,4.533614653,781,34,24,TRUE,13.4 km,11.2 km,23,30
44,"(3145, 'Wattletree Road Po')","(-37.88, 145.05)",Wattletree Road Po,3145,325,4.533614653,602,32,39,TRUE,9.3 km,11.1 km,19,44
45,"(3162, 'Hopetoun Gardens')","(-37.88, 145.03)",Hopetoun Gardens,3162,300,4.781818001,52,46,66,TRUE,13.5 km,10.0 km,29,45
46,"(3162, 'Caulfield South')","(-37.88, 145.03)",Caulfield South,3162,300,4.781818001,15,51,59,TRUE,9.1 km,12.5 km,30,50
47,"(3162, 'Caulfield')","(-37.88, 145.03)",Caulfield,3162,300,4.781818001,220,55,52,TRUE,8.4 km,11.7 km,26,53
48,"(3127, 'Surrey Hills North')","(-37.82, 145.1)",Surrey Hills North,3127,240,4.922306614,704,21,21,TRUE,6.5 km,14.5 km,28,36
49,"(3127, 'Surrey Hills')","(-37.82, 145.1)",Surrey Hills,3127,240,4.922306614,704,21,21,TRUE,6.5 km,14.5 km,28,36
50,"(3127, 'Mont Albert')","(-37.82, 145.1)",Mont Albert,3127,330,4.922306614,1002,24,24,TRUE,7.4 km,15.5 km,29,40
51,"(3181, 'Prahran')","(-37.85, 144.99)",Prahran,3181,270,5.384532287,412.5140736,32,49,TRUE,8.8 km,6.7 km,19,33
52,"(3181, 'Prahran East')","(-37.85, 144.99)",Prahran East,3181,270,5.384532287,903,32,49,TRUE,8.8 km,6.7 km,19,33
53,"(3181, 'Windsor')","(-37.85, 144.99)",Windsor,3181,270,5.384532287,209,31,52,TRUE,9.1 km,6.9 km,20,22
54,"(3183, 'St Kilda East')","(-37.87, 145.0)",St Kilda East,3183,325,5.513456846,2289,44,42,TRUE,8.9 km,8.3 km,23,42
55,"(3183, 'Balaclava')","(-37.87, 145.0)",Balaclava,3183,325,5.513456846,2289,32,41,TRUE,10.6 km,8.4 km,24,23
56,"(3170, 'Mulgrave')","(-37.87, 145.1)",Mulgrave,3170,340,5.513456846,309,95,99,TRUE,30.7 km,29.4 km,32,73
57,"(3170, 'Waverley Gardens')","(-37.87, 145.1)",Waverley Gardens,3170,340,5.513456846,436,88,111,TRUE,31.3 km,31.2 km,31,79
58,"(3163, 'Booran Road Po')","(-37.89, 145.06)",Booran Road Po,3163,300,5.628629423,81,41,56,TRUE,15.3 km,13.1 km,26,38
59,"(3163, 'Carnegie')","(-37.89, 145.06)",Carnegie,3163,300,5.628629423,759,40,44,TRUE,15.3 km,14.3 km,26,32
60,"(3163, 'Glen Huntly')","(-37.89, 145.06)",Glen Huntly,3163,300,5.628629423,759,35,50,TRUE,14.9 km,12.7 km,26,33
61,"(3163, 'Murrumbeena')","(-37.89, 145.06)",Murrumbeena,3163,300,5.628629423,360,51,57,TRUE,17.6 km,16.6 km,25,44
62,"(3002, 'East Melbourne')","(-37.82, 144.99)",East Melbourne,3002,360,5.719596328,1022,26,37,TRUE,8.0 km,1.9 km,8,11
64,"(3104, 'Balwyn North')","(-37.79, 145.07)",Balwyn North,3104,338,5.830733983,1307,33,41,TRUE,8.4 km,12.5 km,26,54
65,"(8004, 'St Kilda Road')","(-37.84, 144.98)",St Kilda Road,8004,280,6.146962503,6,42,63,TRUE,14.9 km,3.9 km,15,21
66,"(3004, 'St Kilda Road Central')","(-37.84, 144.98)",St Kilda Road Central,3004,300,6.146962503,4831,38,46,TRUE,13.8 km,2.8 km,13,17
67,"(3125, 'Burwood')","(-37.84, 145.12)",Burwood,3125,330,6.146962503,1002,45,44,TRUE,8.2 km,15.1 km,27,66
68,"(3004, 'Melbourne')","(-37.84, 144.98)",Melbourne,3004,300,6.146962503,4831,28,29,TRUE,6.3 km,2.9 km,14,25
69,"(3125, 'Surrey Hills South')","(-37.84, 145.12)",Surrey Hills South,3125,330,6.146962503,1002,45,44,TRUE,8.2 km,15.1 km,27,66
70,"(3148, 'Chadstone Centre')","(-37.89, 145.08)",Chadstone Centre,3148,300,6.151933821,2008,59,54,TRUE,16.8 km,16.4 km,22,53
71,"(3148, 'Chadstone')","(-37.89, 145.08)",Chadstone,3148,300,6.151933821,2008,59,54,TRUE,16.8 km,16.4 km,22,53
73,"(3148, 'Holmesglen')","(-37.89, 145.08)",Holmesglen,3148,300,6.151933821,2008,59,54,TRUE,16.8 km,16.4 km,22,53
74,"(3185, 'Gardenvale')","(-37.88, 145.0)",Gardenvale,3185,325,6.249050648,250,42,57,TRUE,14.1 km,11.9 km,27,33
75,"(3185, 'Ripponlea')","(-37.88, 145.0)",Ripponlea,3185,295,6.249050648,597,33,52,TRUE,11.3 km,7.8 km,24,36
76,"(3185, 'Elsternwick')","(-37.88, 145.0)",Elsternwick,3185,325,6.249050648,4115,41,62,TRUE,12.7 km,10.5 km,27,31
77,"(3184, 'Brighton Road')","(-37.88, 145.0)",Brighton Road,3184,325,6.249050648,974,36,56,TRUE,11.5 km,7.5 km,23,33
78,"(3184, 'Elwood')","(-37.88, 145.0)",Elwood,3184,320,6.249050648,4115,44,63,TRUE,12.1 km,9.9 km,25,36
79,"(3067, 'Abbotsford')","(-37.8, 145.0)",Abbotsford,3067,350,6.250723427,1398,39,34,TRUE,10.9 km,4.7 km,17,24
80,"(3128, 'Box Hill')","(-37.82, 145.12)",Box Hill,3128,240,6.53767013,704,27,27,TRUE,8.8 km,16.8 km,30,35
81,"(3128, 'Wattle Park')","(-37.82, 145.12)",Wattle Park,3128,350,6.53767013,343,35,35,TRUE,6.8 km,13.3 km,27,53
83,"(3128, 'Box Hill South')","(-37.82, 145.12)",Box Hill South,3128,350,6.53767013,283,39,46,TRUE,11.0 km,19.2 km,29,45
84,"(3128, 'Box Hill Central')","(-37.82, 145.12)",Box Hill Central,3128,350,6.53767013,283,23,23,TRUE,8.6 km,16.6 km,30,37
85,"(3078, 'Fairfield')","(-37.78, 145.03)",Fairfield,3078,295,6.899178062,521,43,56,TRUE,14.7 km,8.6 km,23,27
86,"(3078, 'Alphington')","(-37.78, 145.03)",Alphington,3078,295,6.899178062,229,48,61,TRUE,16.2 km,10.1 km,22,32
87,"(3182, 'St Kilda West')","(-37.87, 144.98)",St Kilda West,3182,348,6.992688193,508,60,57,TRUE,12.1 km,6.6 km,21,32
88,"(3182, 'St Kilda South')","(-37.87, 144.98)",St Kilda South,3182,348,6.992688193,468,45,55,TRUE,11.0 km,8.2 km,23,38
89,"(3182, 'St Kilda')","(-37.87, 144.98)",St Kilda,3182,330,6.992688193,1303,38,50,TRUE,9.7 km,6.4 km,21,33
90,"(3166, 'Huntingdale')","(-37.9, 145.08)",Huntingdale,3166,290,7.172595719,320,58,60,TRUE,20.8 km,19.9 km,27,51
91,"(3166, 'Hughesdale')","(-37.9, 145.08)",Hughesdale,3166,290,7.172595719,740,50,70,TRUE,17.5 km,16.5 km,23,42
92,"(3166, 'Oakleigh East')","(-37.9, 145.08)",Oakleigh East,3166,280,7.172595719,992,58,91,TRUE,21.4 km,20.3 km,27,52
93,"(3166, 'Oakleigh')","(-37.9, 145.08)",Oakleigh,3166,280,7.172595719,369,46,53,TRUE,18.3 km,17.3 km,25,39
94,"(3006, 'South Wharf')","(-37.82, 144.97)",South Wharf,3006,330,7.369609759,178,32,53,TRUE,11.1 km,1.9 km,17,16
95,"(3006, 'Southbank')","(-37.82, 144.97)",Southbank,3006,330,7.369609759,3870,36,28,TRUE,12.6 km,1.5 km,11,13
96,"(3066, 'Collingwood')","(-37.8, 144.98)",Collingwood,3066,350,7.588714495,1620,39,36,TRUE,9.7 km,3.5 km,14,25
97,"(3065, 'Fitzroy')","(-37.8, 144.98)",Fitzroy,3065,380,7.588714495,1917,36,45,TRUE,9.2 km,3.1 km,15,21
98,"(3066, 'Collingwood North')","(-37.8, 144.98)",Collingwood North,3066,350,7.588714495,1620,39,36,TRUE,9.7 km,3.5 km,14,25
99,"(3068, 'Clifton Hill')","(-37.79, 144.99)",Clifton Hill,3068,330,7.660952633,405,40,42,TRUE,12.5 km,6.3 km,20,24
100,"(3068, 'Fitzroy North')","(-37.79, 144.99)",Fitzroy North,3068,330,7.660952633,1006,39,49,TRUE,10.7 km,4.7 km,17,23
101,"(3000, 'Melbourne')","(-37.81, 144.97)",Melbourne,3000,300,7.778175224,14270,25,24,TRUE,8.9 km,3 m,1,1
102,"(3051, 'North Melbourne')","(-37.91, 145.06)",North Melbourne,3051,310,7.832987416,1788,41,39,TRUE,11.1 km,3.6 km,16,24
103,"(3051, 'Hotham Hill')","(-37.91, 145.06)",Hotham Hill,3051,310,7.832987416,1788,38,47,TRUE,11.7 km,3.2 km,19,20
104,"(3079, 'Ivanhoe')","(-37.77, 145.04)",Ivanhoe,3079,350,7.833080844,647,49,65,TRUE,17.8 km,11.6 km,25,33
105,"(3079, 'Ivanhoe East')","(-37.77, 145.04)",Ivanhoe East,3079,350,7.833080844,88,35,88,TRUE,7.6 km,12.4 km,24,39
106,"(3079, 'Ivanhoe North')","(-37.77, 145.04)",Ivanhoe North,3079,350,7.833080844,647,49,65,TRUE,17.8 km,11.6 km,25,33
107,"(3206, 'Albert Park')","(-37.84, 144.96)",Albert Park,3206,300,7.903237383,851,46,42,TRUE,15.7 km,4.7 km,18,23
108,"(3206, 'Middle Park')","(-37.84, 144.96)",Middle Park,3206,300,7.903237383,851,53,76,TRUE,13.4 km,5.6 km,18,30
110,"(3207, 'Port Melbourne')","(-37.83, 144.96)",Port Melbourne,3207,300,7.981607824,851,43,63,TRUE,14.8 km,5.8 km,21,26
112,"(3187, 'Brighton East')","(-37.9, 145.0)",Brighton East,3187,300,7.985868521,65,57,72,TRUE,18.9 km,15.0 km,31,64
113,"(3151, 'Burwood East')","(-37.86, 145.14)",Burwood East,3151,338,8.209138851,1473,55,60,TRUE,12.2 km,22.7 km,32,57
114,"(3151, 'Burwood Heights')","(-37.86, 145.14)",Burwood Heights,3151,338,8.209138851,1473,743,776,TRUE,965 km,733 km,530,775
116,"(3105, 'Bulleen')","(-37.77, 145.08)",Bulleen,3105,338,8.217786262,257,54,60,TRUE,16.9 km,16.3 km,26,55
117,"(3105, 'Bulleen South')","(-37.77, 145.08)",Bulleen South,3105,340,8.217786262,400,46,66,TRUE,21.2 km,14.2 km,25,37
118,"(3149, 'Mount Waverley')","(-37.88, 145.13)",Mount Waverley,3149,240,8.313134907,576,40,41,TRUE,17.2 km,18.5 km,28,42
119,"(3149, 'Pinewood')","(-37.88, 145.13)",Pinewood,3149,240,8.313134907,625,57,73,TRUE,19.8 km,22.1 km,25,68
120,"(3149, 'Syndal')","(-37.88, 145.13)",Syndal,3149,340,8.313134907,712,41,42,TRUE,18.9 km,20.2 km,28,43
121,"(3129, 'Box Hill North')","(-37.8, 145.13)",Box Hill North,3129,350,8.316353765,343,34,40,TRUE,10.8 km,18.7 km,27,46
122,"(3129, 'Mont Albert North')","(-37.8, 145.13)",Mont Albert North,3129,315,8.316353765,1421,42,27,TRUE,12.2 km,15.8 km,26,44
123,"(3129, 'Kerrimuir')","(-37.8, 145.13)",Kerrimuir,3129,315,8.316353765,1421,40,47,TRUE,11.4 km,20.5 km,29,50
124,"(8011, 'Little Lonsdale Street')","(-37.81, 144.96)",Little Lonsdale Street,8011,360,8.579887661,412.5140736,19,40,TRUE,8.5 km,0.6 km,8,5
125,"(8006, 'Abeckett Street')","(-37.81, 144.96)",Abeckett Street,8006,280,8.579887661,12,22,32,TRUE,8.7 km,0.9 km,10,8
126,"(3070, 'Northcote')","(-37.77, 145.0)",Northcote,3070,320,8.937657514,1370,51,58,TRUE,13.0 km,6.9 km,24,37
127,"(3070, 'Northcote South')","(-37.77, 145.0)",Northcote South,3070,320,8.937657514,1370,41,53,TRUE,13.3 km,6.1 km,21,33
128,"(3204, 'Bentleigh')","(-37.92, 145.04)",Bentleigh,3204,250,8.938797858,5654,48,63,TRUE,18.4 km,16.2 km,31,44
129,"(3204, 'Mckinnon')","(-37.92, 145.04)",Mckinnon,3204,250,8.938797858,5654,44,59,TRUE,17.5 km,15.3 km,31,41
131,"(3204, 'Ormond')","(-37.92, 145.04)",Ormond,3204,250,8.938797858,795,41,56,TRUE,16.7 km,14.5 km,27,38
133,"(3130, 'Blackburn South')","(-37.82, 145.15)",Blackburn South,3130,315,9.059756514,1421,56,61,TRUE,15.7 km,21.2 km,34,58
136,"(3130, 'Blackburn')","(-37.82, 145.15)",Blackburn,3130,315,9.059756514,383,29,29,TRUE,11.2 km,19.3 km,31,37
137,"(3130, 'Blackburn North')","(-37.82, 145.15)",Blackburn North,3130,315,9.059756514,1421,37,44,TRUE,13.2 km,21.3 km,28,46
139,"(3052, 'Melbourne University')","(-37.8, 144.96)",Melbourne University,3052,300,9.070720963,759,32,38,TRUE,9.7 km,2.0 km,10,11
140,"(3050, 'Royal Melbourne Hospital')","(-37.8, 144.96)",Royal Melbourne Hospital,3050,300,9.070720963,412.5140736,30,40,TRUE,10.5 km,2.1 km,13,13
141,"(3010, 'University Of Melbourne')","(-37.8, 144.96)",University Of Melbourne,3010,300,9.070720963,412.5140736,32,38,TRUE,9.7 km,2.0 km,10,11
142,"(3052, 'Parkville')","(-37.8, 144.96)",Parkville,3052,255,9.070720963,759,47,59,TRUE,13.0 km,4.2 km,18,27
143,"(3108, 'Doncaster')","(-37.78, 145.12)",Doncaster,3108,340,9.073451321,558,45,52,TRUE,13.4 km,17.7 km,27,44
145,"(3186, 'Were Street Po')","(-37.91, 144.99)",Were Street Po,3186,300,9.397843168,555,55,83,TRUE,18.3 km,16.1 km,33,45
147,"(3186, 'Brighton North')","(-37.91, 144.99)",Brighton North,3186,315,9.397843168,784,42,53,TRUE,14.9 km,12.7 km,29,33
148,"(3186, 'Brighton')","(-37.91, 144.99)",Brighton,3186,295,9.397843168,723,42,53,TRUE,15.0 km,12.8 km,29,34
149,"(3053, 'Carlton South')","(-37.78, 144.97)",Carlton South,3053,255,9.690397577,2227,29,45,TRUE,9.2 km,2.1 km,9,15
150,"(3054, 'Princes Hill')","(-37.78, 144.97)",Princes Hill,3054,320,9.690397577,190,45,50,TRUE,12.1 km,4.7 km,16,27
151,"(3053, 'Carlton')","(-37.78, 144.97)",Carlton,3053,255,9.690397577,2227,36,51,TRUE,10.7 km,3.2 km,11,19
152,"(3054, 'Carlton North')","(-37.78, 144.97)",Carlton North,3054,320,9.690397577,459,38,50,TRUE,12.2 km,4.7 km,15,22
153,"(3106, 'Templestowe')","(-37.77, 145.12)",Templestowe,3106,340,9.919994321,400,59,74,TRUE,27.6 km,20.8 km,36,51
154,"(3071, 'Thornbury')","(-37.76, 145.0)",Thornbury,3071,295,9.92123241,1185,62,68,TRUE,21.5 km,9.3 km,26,46
155,"(3107, 'Templestowe Lower')","(-37.76, 145.1)",Templestowe Lower,3107,340,9.92123241,558,55,68,TRUE,23.8 km,16.3 km,27,42
156,"(3081, 'Bellfield')","(-37.75, 145.05)",Bellfield,3081,330,10.00755754,140,54,82,TRUE,12.2 km,13.8 km,28,40
157,"(3081, 'Heidelberg Heights')","(-37.75, 145.05)",Heidelberg Heights,3081,330,10.00755754,627,51,88,TRUE,14.1 km,15.9 km,31,53
159,"(3081, 'Heidelberg West')","(-37.75, 145.05)",Heidelberg West,3081,330,10.00755754,938,53,77,TRUE,13.9 km,16.4 km,31,55
160,"(3189, 'Moorabbin')","(-37.93, 145.04)",Moorabbin,3189,380,10.04596395,1114,74,89,TRUE,22.8 km,22.4 km,33,65
163,"(3189, 'Moorabbin East')","(-37.93, 145.04)",Moorabbin East,3189,380,10.04596395,606,74,89,TRUE,22.8 km,22.4 km,33,65
164,"(3165, 'Bentleigh East')","(-37.93, 145.06)",Bentleigh East,3165,300,10.04596395,431,51,64,TRUE,19.2 km,18.2 km,29,49
165,"(3205, 'South Melbourne')","(-37.93, 145.03)",South Melbourne,3205,260,10.16031218,1870,40,36,TRUE,13.9 km,2.9 km,13,16
166,"(3205, 'South Melbourne DC')","(-37.93, 145.03)",South Melbourne DC,3205,260,10.16031218,175,40,36,TRUE,13.9 km,2.9 km,13,16
167,"(3188, 'Hampton')","(-37.93, 145.03)",Hampton,3188,380,10.16031218,1114,53,64,TRUE,19.7 km,17.5 km,33,43
168,"(3188, 'Hampton East')","(-37.93, 145.03)",Hampton East,3188,380,10.16031218,1114,55,69,TRUE,20.8 km,18.6 km,35,52
169,"(3188, 'Hampton North')","(-37.93, 145.03)",Hampton North,3188,380,10.16031218,1114,60,71,TRUE,20.2 km,18.0 km,36,50
170,"(3003, 'West Melbourne')","(-37.81, 144.94)",West Melbourne,3003,310,10.22115597,1454,55,63,TRUE,14.3 km,5.0 km,20,39
171,"(3800, 'Monash University')","(-37.91, 145.13)",Monash University,3800,288,10.48286537,140,62,80,TRUE,23.1 km,22.2 km,28,55
172,"(3057, 'Sumner')","(-37.76, 144.98)",Sumner,3057,350,10.8147087,796,40,60,TRUE,11.7 km,5.6 km,19,26
173,"(3057, 'Brunswick East')","(-37.76, 144.98)",Brunswick East,3057,350,10.8147087,796,41,61,TRUE,12.0 km,5.8 km,21,26
174,"(3057, 'Lygon Street North')","(-37.76, 144.98)",Lygon Street North,3057,350,10.8147087,796,46,51,TRUE,13.6 km,6.0 km,20,31
175,"(3167, 'Oakleigh South')","(-37.93, 145.1)",Oakleigh South,3167,280,10.92729638,939,58,60,TRUE,20.9 km,19.8 km,29,51
176,"(3072, 'Preston Lower')","(-37.74, 145.03)",Preston Lower,3072,320,11.25753735,3936,54,68,TRUE,15.2 km,9.1 km,26,39
177,"(3072, 'Northland Centre')","(-37.74, 145.03)",Northland Centre,3072,320,11.25753735,3936,68,82,TRUE,15.1 km,13.6 km,33,46
178,"(3072, 'Regent West')","(-37.74, 145.03)",Regent West,3072,320,11.25753735,3936,64,78,TRUE,17.5 km,11.5 km,30,47
180,"(3072, 'Preston South')","(-37.74, 145.03)",Preston South,3072,320,11.25753735,3936,66,64,TRUE,16.3 km,11.8 km,29,41
182,"(3072, 'Preston')","(-37.74, 145.03)",Preston,3072,320,11.25753735,3936,67,88,TRUE,16.9 km,10.7 km,29,53
183,"(3131, 'Nunawading')","(-37.84, 145.18)",Nunawading,3131,335,11.41578685,553,28,32,TRUE,13.5 km,21.5 km,32,40
184,"(3131, 'Forest Hill')","(-37.84, 145.18)",Forest Hill,3131,315,11.41578685,117,42,51,TRUE,15.5 km,23.0 km,35,52
185,"(3131, 'Brentford Square')","(-37.84, 145.18)",Brentford Square,3131,315,11.41578685,260,47,64,TRUE,18.1 km,24.0 km,35,66
186,"(3150, 'Glen Waverley')","(-37.88, 145.17)",Glen Waverley,3150,340,11.43524268,712,52,62,TRUE,20.8 km,22.1 km,30,55
187,"(3150, 'Brandon Park')","(-37.88, 145.17)",Brandon Park,3150,340,11.43524268,712,63,85,TRUE,24.7 km,25.9 km,28,76
188,"(3150, 'Wheelers Hill')","(-37.88, 145.17)",Wheelers Hill,3150,340,11.43524268,712,67,95,TRUE,25.6 km,26.7 km,29,68
189,"(3084, 'Banyule')","(-37.74, 145.09)",Banyule,3084,330,11.66182616,1291,67,94,TRUE,22.3 km,16.1 km,31,48
190,"(3084, 'Eaglemont')","(-37.74, 145.09)",Eaglemont,3084,330,11.66182616,96,59,75,TRUE,20.1 km,13.9 km,26,42
191,"(3084, 'Heidelberg')","(-37.74, 145.09)",Heidelberg,3084,330,11.66182616,1291,60,67,TRUE,20.3 km,14.5 km,26,46
192,"(3084, 'Rosanna')","(-37.74, 145.09)",Rosanna,3084,330,11.66182616,277,57,81,TRUE,21.6 km,15.4 km,31,40
193,"(3084, 'Viewbank')","(-37.74, 145.09)",Viewbank,3084,330,11.66182616,205,75,118,TRUE,19.2 km,18.4 km,34,61
194,"(3168, 'Notting Hill')","(-37.93, 145.12)",Notting Hill,3168,280,11.74266663,427,58,74,TRUE,22.6 km,23.8 km,26,73
195,"(3168, 'Clayton')","(-37.93, 145.12)",Clayton,3168,280,11.74266663,939,76,94,TRUE,23.5 km,25.3 km,31,69
196,"(3031, 'Flemington')","(-37.79, 144.93)",Flemington,3031,320,11.9175572,993,50,71,TRUE,14.1 km,6.4 km,22,32
197,"(3031, 'Kensington')","(-37.79, 144.93)",Kensington,3031,320,11.9175572,689,34,46,TRUE,13.8 km,5.1 km,19,22
198,"(3169, 'Clarinda')","(-37.94, 145.1)",Clarinda,3169,340,11.95388838,114,69,110,TRUE,25.2 km,24.6 km,32,59
199,"(3169, 'Clayton South')","(-37.94, 145.1)",Clayton South,3169,340,11.95388838,1168,67,107,TRUE,25.5 km,24.5 km,34,59
200,"(3133, 'Vermont South')","(-37.84, 145.19)",Vermont South,3133,350,12.29392414,496,59,58,TRUE,14.6 km,21.3 km,35,80
201,"(3133, 'Vermont')","(-37.84, 145.19)",Vermont,3133,350,12.29392414,622,46,78,TRUE,17.0 km,25.8 km,36,68
202,"(3190, 'Highett')","(-37.95, 145.03)",Highett,3190,340,12.35671852,618,48,61,TRUE,21.6 km,19.4 km,36,44
203,"(3085, 'Macleod West')","(-37.73, 145.07)",Macleod West,3085,330,12.35709079,328,60,80,TRUE,23.5 km,17.4 km,35,43
204,"(3085, 'Macleod')","(-37.73, 145.07)",Macleod,3085,330,12.35709079,328,60,83,TRUE,23.5 km,17.4 km,35,43
205,"(3085, 'Yallambie')","(-37.73, 145.07)",Yallambie,3085,330,12.35709079,116,76,88,TRUE,24.6 km,22.2 km,35,70
206,"(3055, 'Brunswick West')","(-37.77, 144.94)",Brunswick West,3055,290,12.40886694,1041,54,66,TRUE,16.0 km,8.1 km,24,41
207,"(3055, 'Moonee Vale')","(-37.77, 144.94)",Moonee Vale,3055,290,12.40886694,1041,57,74,TRUE,19.6 km,10.7 km,29,49
208,"(3055, 'Moreland West')","(-37.77, 144.94)",Moreland West,3055,290,12.40886694,1041,55,67,TRUE,16.8 km,8.4 km,23,41
210,"(3132, 'Mitcham')","(-37.82, 145.19)",Mitcham,3132,335,12.49509046,282,41,45,TRUE,15.4 km,23.5 km,36,55
212,"(3132, 'Mitcham North')","(-37.82, 145.19)",Mitcham North,3132,335,12.49509046,254,53,52,TRUE,17.5 km,24.5 km,32,62
213,"(3191, 'Sandringham')","(-37.95, 145.01)",Sandringham,3191,340,12.72510066,475,59,72,TRUE,21.6 km,19.4 km,37,50
214,"(3093, 'Lower Plenty')","(-37.73, 145.09)",Lower Plenty,3093,300,12.72654656,172,88,91,TRUE,28.3 km,21.2 km,37,90
215,"(3109, 'The Pines')","(-37.81, 145.19)",The Pines,3109,340,12.74087684,376,53,58,TRUE,18.5 km,24.6 km,36,54
216,"(3109, 'Doncaster East')","(-37.81, 145.19)",Doncaster East,3109,340,12.74087684,447,49,58,TRUE,15.7 km,20.4 km,30,50
217,"(3109, 'Tunstall Square Po')","(-37.81, 145.19)",Tunstall Square Po,3109,340,12.74087684,417,51,58,TRUE,15.6 km,22.1 km,31,57
218,"(3109, 'Doncaster Heights')","(-37.81, 145.19)",Doncaster Heights,3109,340,12.74087684,447,44,60,TRUE,14.4 km,20.2 km,30,51
